{"filter":false,"title":"35435378.json","tooltip":"/JSON/jobs/35435378.json","undoManager":{"mark":4,"position":4,"stack":[[{"start":{"row":12,"column":8},"end":{"row":78,"column":13},"action":"remove","lines":["{","            \"_index\":\"jobs\",","            \"_type\":\"job\",","            \"_id\":\"35552823\",","            \"_score\":4.4780493,","            \"_source\":{","               \"title\":\"Senior Contract Administrator required - Apartment Builder\",","               \"jobtitle\":\"Senior Contract Administrator required - Apartment Builder\",","               \"jobid\":33516020,","               \"listingid\":35552823,","               \"reviewid\":0,","               \"companyprofilestructureddataid\":15153,","               \"companyname\":\"Constructive Recruitment\",","               \"marketsegmentid\":1,","               \"premiumflag\":false,","               \"salarymaxamount\":129999,","               \"salaryminamount\":110000,","               \"salarymidpoint\":120000,","               \"salaryinfo\":\"2||110000|129999|en-AU|$110,000 - $130,000\",","               \"salarytext\":\"$110,000 - $130,000\",","               \"salarytypeid\":2,","               \"advertiser\":\"Constructive Recruitment Pty Ltd\",","               \"advertiserid\":11029186,","               \"ignoread\":false,","               \"classificationid\":1206,","               \"classification\":\"Construction\",","               \"subclassificationid\":6113,","               \"subclassification\":\"Contracts Management\",","               \"shortdescription\":\"MBA award winning apartment specialist requires an experienced Contract Administrator to oversee 2 x boutique apartment developments\",","               \"jobaddetails\":\"<HTML><p>Our Client is a buoyant 2nd tier apartment specialist.&nbsp; They are&nbsp;exceeding expectations and continuing to grow steadily. They are renowned for delivering high quality and high finish developments ranging in value from $5M - $30M.<br> <br> Purely down to the level of work secured they are in need of a Senior Contract Administrator to oversee the financial element on two recently secured projects.&nbsp;&nbsp;Both are D &amp; C apartment developments totaling $25M in value.</p> <p>&nbsp;You will be responsible for all contracts to sub contractors, variations, scopes of works, along with cost reporting and programming with the PM.</p> <p>&nbsp;</p> <p>The ideal candidate will:</p> <ul> <li>Have completed a tertiary qualification in quantity surveying or&nbsp;construction/project management&nbsp;and have a minimum of&nbsp;4&nbsp;years experience in a similar role </li> <li>Be a self starter capable of working without direction or micro- management </li> <li>Be able to multi task effectively </li> <li>Be well presented and an effective communicator </li> <li>Possess excellent commercial awareness with strong relationship building, influencing and negotiating skills </li> </ul> <p>In return you will be rewarded with a market leading salary starting at $110,000 - $130,000 dependent on experience from a company with a really positive culture who&nbsp;give complete support&nbsp;to all&nbsp;its employees from the very top right down.<br> <br> If you are interested in this position or any similar please email your CV in word format to Jono Conley at Constructive Recruitment via the links below</p></HTML>  $110,000 - $130,000\",","               \"shortlocation\":\"Melbourne~CBD & Inner Suburbs\",","               \"docdatetime\":\"2017-05-23T00:00:59Z\",","               \"expirydate\":\"2017-06-22T00:01:02Z\",","               \"automaticinclusion\":false,","               \"automaticinclusionid\":0,","               \"worktype\":\"Full Time\",","               \"worktypeid\":242,","               \"suburbid\":18578,","               \"suburb\":\"melbourne\",","               \"displaysuburb\":\"Melbourne\",","               \"suburblist\":\"Melbourne\",","               \"area\":\"CBD & Inner Suburbs\",","               \"areaid\":5069,","               \"nationid\":3000,","               \"nation\":\"Australia\",","               \"locationid\":1002,","               \"location\":\"Melbourne\",","               \"stateid\":3106,","               \"state\":\"Victoria\",","               \"metaclassifier\":\"Full Time Contracts Management Construction CBD & Inner Suburbs Melbourne Victoria Australia contract administration contract administrator contract management construction\",","               \"metaclassifieronly\":\"Full Time Contracts Management Construction CBD & Inner Suburbs Melbourne Victoria Australia\",","               \"isenhancedad\":false,","               \"enhancedadbullets\":[","","               ],","               \"geolocation\":\"-37.8136100769043,144.96305847168\",","               \"additionalworkarrangements\":[","","               ],","               \"extractedroletitles\":[","                  \"contract administrator\",","                  \"administrator\",","                  \"builder\",","                  \"contracts administrator\"","                    ]","                }","            }"],"id":2}],[{"start":{"row":12,"column":8},"end":{"row":148,"column":11},"action":"insert","lines":[" {","            \"_index\":\"jobs\",","            \"_type\":\"job\",","            \"_id\":\"35182475\",","            \"_score\":4.4780493,","            \"_source\":{","               \"title\":\"Engineering Surveyor - Major Projects\",","               \"jobtitle\":\"Engineering Surveyor - Major Projects\",","               \"jobid\":33161127,","               \"listingid\":35182475,","               \"reviewid\":0,","               \"companyprofilestructureddataid\":22983,","               \"companyname\":\"NES Global Talent\",","               \"marketsegmentid\":1,","               \"premiumflag\":false,","               \"salarymaxamount\":119999,","               \"salaryminamount\":95000,","               \"salarymidpoint\":107500,","               \"salaryinfo\":\"2||95000|119999|en-AU|$100k + overtime\",","               \"salarytext\":\"$100k + overtime\",","               \"salarytypeid\":2,","               \"advertiser\":\"NES Global Talent\",","               \"advertiserid\":23410767,","               \"ignoread\":false,","               \"classificationid\":1206,","               \"classification\":\"Construction\",","               \"subclassificationid\":6121,","               \"subclassification\":\"Surveying\",","               \"shortdescription\":\"Take your next career step in Melbourne's booming engineering market. Call David on (03)8539 4880. Assistance offered for interstate relocation.\",","               \"jobaddetails\":\"<HTML><p>This role represents a great opportunity for an experienced Engineering Surveyor to secure their next permanent role. Our client is a well established engineering and survey firm based in Melbourne.&nbsp; They have enjoyed continued growth&nbsp;for the past decade.&nbsp;As a result, this company has an urgent requirement for an experienced Engineering Surveyor to join their team on a full time basis to work on ongoing projects.&nbsp;</p>  <p>Reporting to a highly accomplished Survey Manager, you will be engaged on some of Victoria's most prolific road and highway construction&nbsp;projects. To be considered here, you must be degree or diploma qualified and&nbsp;considerable experience in a field based role. We are seeking a team player who is looking to grow their career. This company prides itself on being at the forefront of new technology in the industry and as being an employer of choice across Melbourne. Ideally you will have used Leica equipment and Liscad software in a practical environment.<br/><br/>In exchange for your commitment to this long term role, you will be rewarded with a market leading salary and fantastic employment conditions. To be considered here, please contact David Moon on 8539 4880 or submit your CV via the link below.<br/>&nbsp;</p></HTML> <HTML>Work on major projects Long term career opportunity Join this growing and highly regarded survey company</HTML> $100k + overtime\",","               \"shortlocation\":\"Melbourne~CBD & Inner Suburbs\",","               \"docdatetime\":\"2017-04-06T22:10:41Z\",","               \"expirydate\":\"2017-06-02T05:04:04Z\",","               \"automaticinclusion\":false,","               \"automaticinclusionid\":0,","               \"worktype\":\"Full Time\",","               \"worktypeid\":242,","               \"suburbid\":18578,","               \"suburb\":\"melbourne\",","               \"displaysuburb\":\"Melbourne\",","               \"suburblist\":\"Melbourne\",","               \"area\":\"CBD & Inner Suburbs\",","               \"areaid\":5069,","               \"nationid\":3000,","               \"nation\":\"Australia\",","               \"locationid\":1002,","               \"location\":\"Melbourne\",","               \"stateid\":3106,","               \"state\":\"Victoria\",","               \"metaclassifier\":\"Full Time Surveying Construction CBD & Inner Suburbs Melbourne Victoria Australia surveying surveyor construction\",","               \"metaclassifieronly\":\"Full Time Surveying Construction CBD & Inner Suburbs Melbourne Victoria Australia\",","               \"isenhancedad\":true,","               \"enhancedadbullets\":[","                  \"Work on major projects\",","                  \"Long term career opportunity\",","                  \"Join this growing and highly regarded survey company\"","               ],","               \"enhancedadlogoid\":329334,","               \"enhancedadlogofile\":\"329334.JPG\",","               \"geolocation\":\"-37.8136100769043,144.96305847168\",","               \"additionalworkarrangements\":[","","               ],","               \"extractedroletitles\":[","                  \"engineering surveyor\",","                  \"engineering\",","                  \"surveyor\"","               ]","            }","         },","         {","            \"_index\":\"jobs\",","            \"_type\":\"job\",","            \"_id\":\"35529245\",","            \"_score\":4.4780493,","            \"_source\":{","               \"title\":\"Production Estimator\",","               \"jobtitle\":\"Production Estimator\",","               \"jobid\":33493309,","               \"listingid\":35529245,","               \"reviewid\":0,","               \"companyprofilestructureddataid\":317390,","               \"companyname\":\"Talent Partnership\",","               \"marketsegmentid\":1,","               \"premiumflag\":false,","               \"salarymaxamount\":69999,","               \"salaryminamount\":60000,","               \"salarymidpoint\":65000,","               \"salaryinfo\":\"2||60000|69999|en-AU|$60,000 - $70,000\",","               \"salarytext\":\"$60,000 - $70,000\",","               \"salarytypeid\":2,","               \"advertiser\":\"Talent Partnership\",","               \"advertiserid\":36727921,","               \"ignoread\":false,","               \"classificationid\":1206,","               \"classification\":\"Construction\",","               \"subclassificationid\":1387,","               \"subclassification\":\"Estimating\",","               \"shortdescription\":\"A Volume Builder have a great opportunity for a Production Estimator with 3-5 years experience. Activities will include full take-off's and BOQ's.\",","               \"jobaddetails\":\"<HTML><strong>The company:</strong><br> Quality driven Volume Builder with a slight Custom feel. Their homes offer functionality and incorporate specific design features which make them a place to call home. &nbsp;<br> <br> <br> <strong>The Role:</strong><br> As a&nbsp;<strong>Production Estimator</strong>&nbsp;based in their Western Suburbs head office, you will be required to complete full take-offs, quotes for projects and BOQ's. You will set prices based on supplier rates and schedules, calculate quantities and liaise with the Architects, Site Supervisors and the customers. The software you will be using is Databuild (Not Paramount - can be taught) and will need to demonstrate a strong proficiency in utilising the complete software package.&nbsp;<br> &nbsp;&nbsp;<br> <br> <strong>You will have:</strong><br> <ul> <li>3-5 years of Production Estimating</li> <li>Be highly organised, efficient, have excellent communication skills, along with the ability to meet strict deadlines;</li> <li>Demonstrated capabilities to complete full take-off's and BOQ's;</li> <li>Experience in Databuild software package will be an advantage</li> </ul> <div><br> </div> <strong>Your salary will be between $60-70k +&nbsp;Superannuation.</strong>&nbsp;<br> <br> To apply, simply send your CV to&nbsp;<strong>josh@talentpartnership.com.au&nbsp;</strong>or alternatively<strong>&nbsp;</strong>for a confidential discussion about this or other roles that we have available please contact&nbsp;<strong>Josh&nbsp;</strong>directly on&nbsp;<strong>0439 258 239<br> <br> <em>Talent Partnership are Market Leading Recruiters operating across the Construction and Engineering Sectors.&nbsp; As experienced recruiters, we hold key relationships with a number of respected Commercial &amp; Residential Construction organisations. Contact our Team for further information on how we can assist with your Career Growth. 03 8319 4008.</em></strong><strong></strong><strong></strong><strong></strong></HTML> <HTML>Production Estimator with 3-5 years experience; $60,000 - $70,000 + Super; Western Suburbs Location.</HTML> $60,000 - $70,000\",","               \"shortlocation\":\"Melbourne~Western Suburbs\",","               \"docdatetime\":\"2017-05-19T01:00:32Z\",","               \"expirydate\":\"2017-06-18T01:00:32Z\",","               \"automaticinclusion\":false,","               \"automaticinclusionid\":0,","               \"worktype\":\"Full Time\",","               \"worktypeid\":242,","               \"suburb\":\"none\",","               \"displaysuburb\":\"none\",","               \"suburblist\":\"none\",","               \"area\":\"Western Suburbs\",","               \"areaid\":5073,","               \"nationid\":3000,","               \"nation\":\"Australia\",","               \"locationid\":1002,","               \"location\":\"Melbourne\",","               \"stateid\":3106,","               \"state\":\"Victoria\",","               \"metaclassifier\":\"Full Time Estimating Construction Western Suburbs Melbourne Victoria Australia estimating estimator construction\",","               \"metaclassifieronly\":\"Full Time Estimating Construction Western Suburbs Melbourne Victoria Australia\",","               \"isenhancedad\":true,","               \"enhancedadbullets\":[","                  \"Production Estimator with 3-5 years experience;\",","                  \"$60,000 - $70,000 + Super;\",","                  \"Western Suburbs Location.\"","               ],","               \"enhancedadlogoid\":661426,","               \"enhancedadlogofile\":\"661426.jpg\",","               \"additionalworkarrangements\":[","","               ],","               \"extractedroletitles\":[","                  \"production estimator\",","                  \"estimator\"","               ]","            }","         },"],"id":3}],[{"start":{"row":148,"column":10},"end":{"row":148,"column":11},"action":"remove","lines":[","],"id":4}],[{"start":{"row":149,"column":7},"end":{"row":149,"column":8},"action":"remove","lines":[" "],"id":5}],[{"start":{"row":149,"column":6},"end":{"row":149,"column":7},"action":"remove","lines":[" "],"id":6}]]},"ace":{"folds":[],"scrolltop":0,"scrollleft":0,"selection":{"start":{"row":149,"column":6},"end":{"row":149,"column":6},"isBackwards":false},"options":{"guessTabSize":true,"useWrapMode":false,"wrapToView":true},"firstLineState":0},"timestamp":1517268517963,"hash":"78214f7a71d44b042cd0299b48c5ca99051bdb78"}