{"filter":false,"title":"33161127.json","tooltip":"/jobs/33161127.json","undoManager":{"mark":33,"position":33,"stack":[[{"start":{"row":41,"column":1319},"end":{"row":41,"column":1320},"action":"remove","lines":[">"],"id":2}],[{"start":{"row":41,"column":1318},"end":{"row":41,"column":1319},"action":"remove","lines":["p"],"id":3}],[{"start":{"row":41,"column":1317},"end":{"row":41,"column":1318},"action":"remove","lines":["/"],"id":4}],[{"start":{"row":41,"column":1316},"end":{"row":41,"column":1317},"action":"remove","lines":["<"],"id":5}],[{"start":{"row":41,"column":1458},"end":{"row":41,"column":1459},"action":"insert","lines":[" "],"id":6}],[{"start":{"row":41,"column":1459},"end":{"row":41,"column":1460},"action":"insert","lines":["<"],"id":7}],[{"start":{"row":41,"column":1460},"end":{"row":41,"column":1461},"action":"insert","lines":["/"],"id":8}],[{"start":{"row":41,"column":1461},"end":{"row":41,"column":1462},"action":"insert","lines":["p"],"id":9}],[{"start":{"row":41,"column":1462},"end":{"row":41,"column":1463},"action":"insert","lines":[">"],"id":10}],[{"start":{"row":41,"column":1329},"end":{"row":41,"column":1330},"action":"remove","lines":[">"],"id":11}],[{"start":{"row":41,"column":1328},"end":{"row":41,"column":1329},"action":"remove","lines":["L"],"id":12}],[{"start":{"row":41,"column":1327},"end":{"row":41,"column":1328},"action":"remove","lines":["M"],"id":13}],[{"start":{"row":41,"column":1326},"end":{"row":41,"column":1327},"action":"remove","lines":["T"],"id":14}],[{"start":{"row":41,"column":1325},"end":{"row":41,"column":1326},"action":"remove","lines":["H"],"id":15}],[{"start":{"row":41,"column":1324},"end":{"row":41,"column":1325},"action":"remove","lines":["<"],"id":16}],[{"start":{"row":41,"column":1323},"end":{"row":41,"column":1324},"action":"remove","lines":[" "],"id":17}],[{"start":{"row":41,"column":1322},"end":{"row":41,"column":1323},"action":"remove","lines":[">"],"id":18}],[{"start":{"row":41,"column":1321},"end":{"row":41,"column":1322},"action":"remove","lines":["L"],"id":19}],[{"start":{"row":41,"column":1320},"end":{"row":41,"column":1321},"action":"remove","lines":["M"],"id":20}],[{"start":{"row":41,"column":1319},"end":{"row":41,"column":1320},"action":"remove","lines":["T"],"id":21}],[{"start":{"row":41,"column":1318},"end":{"row":41,"column":1319},"action":"remove","lines":["H"],"id":22}],[{"start":{"row":41,"column":1317},"end":{"row":41,"column":1318},"action":"remove","lines":["/"],"id":23}],[{"start":{"row":41,"column":1316},"end":{"row":41,"column":1317},"action":"remove","lines":["<"],"id":24}],[{"start":{"row":41,"column":1316},"end":{"row":41,"column":1317},"action":"insert","lines":[" "],"id":25}],[{"start":{"row":41,"column":1316},"end":{"row":41,"column":1317},"action":"remove","lines":[" "],"id":26}],[{"start":{"row":41,"column":1315},"end":{"row":41,"column":1316},"action":"remove","lines":[";"],"id":27}],[{"start":{"row":41,"column":1314},"end":{"row":41,"column":1315},"action":"remove","lines":["p"],"id":28}],[{"start":{"row":41,"column":1313},"end":{"row":41,"column":1314},"action":"remove","lines":["s"],"id":29}],[{"start":{"row":41,"column":1312},"end":{"row":41,"column":1313},"action":"remove","lines":["b"],"id":30}],[{"start":{"row":41,"column":1311},"end":{"row":41,"column":1312},"action":"remove","lines":["n"],"id":31}],[{"start":{"row":41,"column":1310},"end":{"row":41,"column":1311},"action":"remove","lines":["&"],"id":32}],[{"start":{"row":41,"column":1310},"end":{"row":41,"column":1311},"action":"insert","lines":[" "],"id":33}],[{"start":{"row":41,"column":1310},"end":{"row":41,"column":1311},"action":"remove","lines":[" "],"id":34}],[{"start":{"row":41,"column":1310},"end":{"row":41,"column":1315},"action":"insert","lines":["<br/>"],"id":35}]]},"ace":{"folds":[],"scrolltop":300,"scrollleft":10581,"selection":{"start":{"row":41,"column":1315},"end":{"row":41,"column":1315},"isBackwards":false},"options":{"guessTabSize":true,"useWrapMode":false,"wrapToView":true},"firstLineState":{"row":14,"state":"start","mode":"ace/mode/json"}},"timestamp":1517875981240,"hash":"c984a6d72749c1ddd841c8d9b3390eb564aa160e"}