{"filter":false,"title":"example2_page1.json","tooltip":"/JSON/example2_page1.json","ace":{"folds":[],"scrolltop":1682,"scrollleft":0,"selection":{"start":{"row":82,"column":8},"end":{"row":148,"column":11},"isBackwards":false},"options":{"guessTabSize":true,"useWrapMode":false,"wrapToView":true},"firstLineState":{"row":75,"state":"start","mode":"ace/mode/json"},"cleansed":true},"hash":"7e23e9d82bcd33cc0073fadbc01ecac817756be2","undoManager":{"mark":-1,"position":-1,"stack":[]},"timestamp":1517133980982}